[
  {
    "id": 1,
    "title": "Frontend Developer",
    "company": "Zomato",
    "location": "Gurugram, Haryana",
    "type": "Full-time",
    "salary": "₹12 LPA - ₹18 LPA",
    "description": "We are looking for a skilled React developer to join our consumer app team. Experience with performance optimization is a plus.",
    "postedDate": "2023-10-25",
    "skills": [
      "React.js",
      "Redux",
      "TypeScript",
      "Tailwind CSS",
      "Performance Optimization"
    ],
    "expectations": "You will be responsible for building pixel-perfect UIs, optimizing load times, and ensuring a smooth user experience for millions of users.",
    "selectionProcess": [
      "Resume Shortlisting",
      "Online Coding Round (DSA)",
      "Machine Coding Round (React)",
      "Managerial Round",
      "HR Discussion"
    ]
  },
  {
    "id": 2,
    "title": "Backend Engineer",
    "company": "Swiggy",
    "location": "Bengaluru, Karnataka",
    "type": "Full-time",
    "salary": "₹18 LPA - ₹25 LPA",
    "description": "Join our backend team to build scalable microservices using Node.js, Go, and DynamoDB for high-volume delivery systems.",
    "postedDate": "2023-10-24",
    "skills": [
      "Node.js",
      "Golang",
      "Microservices",
      "AWS",
      "DynamoDB"
    ],
    "expectations": "Design and implement scalable APIs, handle high-concurrency traffic, and optimize database queries.",
    "selectionProcess": [
      "Resume Screening",
      "Technical Interview 1 (DS/Algo)",
      "Technical Interview 2 (System Design)",
      "Hiring Manager Round"
    ]
  },
  {
    "id": 3,
    "title": "SDE-2 (Java)",
    "company": "Flipkart",
    "location": "Bengaluru, Karnataka",
    "type": "Full-time",
    "salary": "₹28 LPA - ₹35 LPA",
    "description": "Work on the core e-commerce platform. Strong grasp of Data Structures, Algorithms, and System Design is required.",
    "postedDate": "2023-10-23",
    "skills": [
      "Java",
      "Spring Boot",
      "Kafka",
      "Redis",
      "System Design"
    ],
    "expectations": "Own end-to-end features, mentor junior developers, and contribute to architectural decisions.",
    "selectionProcess": [
      "Online Assessment",
      "Technical Round 1 (Problem Solving)",
      "Technical Round 2 (Low Level Design)",
      "Technical Round 3 (High Level Design)",
      "Bar Raiser"
    ]
  },
  {
    "id": 4,
    "title": "UI/UX Designer",
    "company": "Cred",
    "location": "Bengaluru, Karnataka",
    "type": "Full-time",
    "salary": "₹15 LPA - ₹22 LPA",
    "description": "Design premium and intuitive user experiences for our creditworthiness platform. Portfolio with mobile app designs is a must.",
    "postedDate": "2023-10-22",
    "skills": [
      "Figma",
      "Adobe XD",
      "Prototyping",
      "User Research",
      "Visual Design"
    ],
    "expectations": "Create high-fidelity mockups, conduct user testing, and collaborate with developers to ensure design fidelity.",
    "selectionProcess": [
      "Portfolio Review",
      "Design Assignment",
      "Design Presentation",
      "Culture Fit Round"
    ]
  },
  {
    "id": 5,
    "title": "DevOps Engineer",
    "company": "Paytm",
    "location": "Noida, UP",
    "type": "Full-time",
    "salary": "₹14 LPA - ₹20 LPA",
    "description": "Manage our cloud infrastructure on AWS and automate deployment pipelines using Jenkins and Kubernetes.",
    "postedDate": "2023-10-21",
    "skills": [
      "AWS",
      "Docker",
      "Kubernetes",
      "Terraform",
      "Jenkins"
    ],
    "expectations": "Automate CI/CD pipelines, ensure 99.9% system availability, and manage cloud costs.",
    "selectionProcess": [
      "Technical Screening",
      "DevOps Practical Round",
      "System Design Round",
      "HR Interview"
    ]
  },
  {
    "id": 6,
    "title": "Data Scientist",
    "company": "Ola Electric",
    "location": "Bengaluru, Karnataka",
    "type": "Full-time",
    "salary": "₹20 LPA - ₹30 LPA",
    "description": "Analyze ride data to optimize battery usage and route efficiency. Proficiency in Python and ML libraries required.",
    "postedDate": "2023-10-20",
    "skills": [
      "Python",
      "Pandas",
      "Scikit-learn",
      "SQL",
      "Machine Learning"
    ],
    "expectations": "Build predictive models, analyze large datasets for insights, and present findings to stakeholders.",
    "selectionProcess": [
      "Resume Shortlisting",
      "Data Challenge",
      "Technical Interview 1 (Stats/ML)",
      "Technical Interview 2 (Coding)",
      "HR Round"
    ]
  },
  {
    "id": 7,
    "title": "Full Stack Developer",
    "company": "Razorpay",
    "location": "Remote / Bengaluru",
    "type": "Full-time",
    "salary": "₹22 LPA - ₹28 LPA",
    "description": "Build financial products that power payments for businesses. React and Node.js stack.",
    "postedDate": "2023-10-19",
    "skills": [
      "React",
      "Node.js",
      "PostgreSQL",
      "GraphQL",
      "AWS"
    ],
    "expectations": "Develop secure and reliable payment flows, write clean code, and participate in code reviews.",
    "selectionProcess": [
      "Online Coding Test",
      "Technical Round 1",
      "Technical Round 2",
      "Culture Round"
    ]
  },
  {
    "id": 8,
    "title": "Angular Developer (Legacy)",
    "company": "TCS",
    "location": "Mumbai, Maharashtra",
    "type": "Full-time",
    "salary": "₹7 LPA - ₹10 LPA",
    "description": "Maintain and update banking applications built on AngularJS. Stability and long-term project.",
    "postedDate": "2023-10-18",
    "skills": [
      "AngularJS",
      "JavaScript",
      "HTML/CSS",
      "Bootstrap",
      "jQuery"
    ],
    "expectations": "Debug legacy code, implement minor enhancements, and support client requests.",
    "selectionProcess": [
      "Technical Interview",
      "Client Interview",
      "HR Round"
    ]
  },
  {
    "id": 9,
    "title": "React Native Developer",
    "company": "Urban Company",
    "location": "Gurugram, Haryana",
    "type": "Contract",
    "salary": "₹1.5L / month",
    "description": "Short-term contract to revamp our partner app interface using React Native.",
    "postedDate": "2023-10-17",
    "skills": [
      "React Native",
      "Redux",
      "Typescript",
      "Mobile UI",
      "Native Modules"
    ],
    "expectations": "Deliver responsive mobile screens, integrate native APIs, and ensure cross-platform compatibility.",
    "selectionProcess": [
      "Assignment",
      "Technical Discussion",
      "Offer"
    ]
  },
  {
    "id": 10,
    "title": "Product Analyst",
    "company": "Meesho",
    "location": "Bengaluru, Karnataka",
    "type": "Full-time",
    "salary": "₹12 LPA - ₹16 LPA",
    "description": "Work with product teams to analyze user behavior and drive growth metrics.",
    "postedDate": "2023-10-16",
    "skills": [
      "SQL",
      "Excel",
      "Tableau",
      "Python",
      "Product Analytics"
    ],
    "expectations": "Create dashboards, track KPIs, and provide actionable insights to product managers.",
    "selectionProcess": [
      "Analytical Test",
      "Case Study Round",
      "Hiring Manager Round"
    ]
  }
]